www.wikipedia.com , soccor , match , football .
www.newyorktimes.com , soccor , match , football , mohamed , salah , basketball , tennis , racket , baseball , horse-riding , dancing , racing .
www.twitter.com , soccor , match , football , mohamed , salah , basketball , tennis , racket , baseball , horse-riding , dancing , racing , politics .
www.cnn.com , soccor , match , football , mohamed , salah , basketball , tennis , racket , baseball , horse-riding , dancing , racing , politics , sports , economics .
www.nationalgeographic.com , animals , pets , kingdom , species , travel , africa , amazon , america , canada , mammals , birds , biology , geology .
www.nasa.com , space , planets , moon , sun , gravity , travel , astronauts , atoms , chemistry , physics , breakthrough , science .
www.sciencedaily.com , animals , pets , kingdom , species , travel , atoms , chemisty , physics , biology , geology , moon , sun , space .
www.bbc.com , politics , sports , economics , sports , mohamed , salah , slavery , movies , children , poverty , death , economics , human , rights .
www.unitednations.com , politics , poverty , slavery , human , rights , health , children , refugees , sickness , economics , women .
www.npr.org , art , music , politics , shows , news , podcast , movies , science , sports , dancing .
www.entertainmenttonight.com , shows , tv , series , movies , latest , play , ratings .
www.netflix.com , shows , tv , series , movies , latest , play .
www.imdb.com , shows , tv , series , movies , latest , play , podcast .
www.filgoal.com , soccor , match , football , mohamed , salah , basketball , tennis , racket .
www.skysports.com , soccor , match , football , mohamed , salah , basketball , tennis , racket , baseball , horse-riding , dancing .
www.bein.com , soccor , match , football , mohamed , salah , basketball , tennis , racket , baseball , horse-riding , dancing .